set_name,collector_number,release_key,membership_type,source_provider,source_reference,notes
Yugi & Kaiba Collector Box,KACB-EN001,yugioh-kaiba-s-collector-box,promo_inclusion,yugipedia,https://yugioh.fandom.com/wiki/Kaiba%27s_Collector_Box,"Survivor canonical card (this box's own duplicate canonical card was merged away 2026-09-23 -- its manual_research external_id was transferred here). Original NA release, 2017-11-17."
Yugi & Kaiba Collector Box,KACB-EN001,yugioh-yugi-kaiba-collector-box,primary_product,ygoprodeck,,"Matches this card's own set_id/canonical set -- included for completeness alongside the NA box membership above."
Yugi's Collector Box,YUCB-EN001,yugioh-yugi-s-collector-box,primary_product,collectorscache,https://www.collectorscache.com/catalog/yugioh_singles-english_yugioh_promos/dark_magician__yucben001__ultra_rare__yugis_collector_box/592047,"Matches this card's own set_id/canonical set."
Yugi's Collector Box,YUCB-EN001,yugioh-yugi-kaiba-collector-box,promo_inclusion,yugipedia,https://yugioh.fandom.com/wiki/Set_Card_Lists:Yugi_%26_Kaiba_Collector_Box_(TCG-EN),"Missing from primary YGOPRODeck card_sets data for Yugi & Kaiba Collector Box (only the KACB-EN001 half resolved there) -- confirmed via Yugipedia's official card list for this box, which lists both YUCB-EN001 and KACB-EN001."
Yu-Gi-Oh! Power of Chaos: Yugi the Destiny promotional cards,PCY-001,yugioh-yu-gi-oh-power-of-chaos-yugi-the-destiny-limited-collector-s-edition,promo_inclusion,yugipedia,"https://yugipedia.com/wiki/Set_Card_Galleries:Yu-Gi-Oh!_Power_of_Chaos:_Yugi_the_Destiny_Limited_Collector's_Edition_(TCG-NA-UE)","Windstorm of Etaqua. Canonical card stays under the primary promotional cards set; this only records the Limited Collector's Edition product membership."
Yu-Gi-Oh! Power of Chaos: Yugi the Destiny promotional cards,PCY-002,yugioh-yu-gi-oh-power-of-chaos-yugi-the-destiny-limited-collector-s-edition,promo_inclusion,yugipedia,"https://yugipedia.com/wiki/Set_Card_Galleries:Yu-Gi-Oh!_Power_of_Chaos:_Yugi_the_Destiny_Limited_Collector's_Edition_(TCG-NA-UE)","Anti-Spell Fragrance. See PCY-001 notes."
Yu-Gi-Oh! Power of Chaos: Yugi the Destiny promotional cards,PCY-003,yugioh-yu-gi-oh-power-of-chaos-yugi-the-destiny-limited-collector-s-edition,promo_inclusion,yugipedia,"https://yugipedia.com/wiki/Set_Card_Galleries:Yu-Gi-Oh!_Power_of_Chaos:_Yugi_the_Destiny_Limited_Collector's_Edition_(TCG-NA-UE)","Thousand Knives. See PCY-001 notes."
Yu-Gi-Oh! Power of Chaos: Yugi the Destiny promotional cards,PCY-004,yugioh-yu-gi-oh-power-of-chaos-yugi-the-destiny-limited-collector-s-edition,promo_inclusion,yugipedia,"https://yugipedia.com/wiki/Set_Card_Galleries:Yu-Gi-Oh!_Power_of_Chaos:_Yugi_the_Destiny_Limited_Collector's_Edition_(TCG-NA-UE)","Dark Magician. See PCY-001 notes."
Yu-Gi-Oh! Power of Chaos: Yugi the Destiny promotional cards,PCY-005,yugioh-yu-gi-oh-power-of-chaos-yugi-the-destiny-limited-collector-s-edition,promo_inclusion,yugipedia,"https://yugipedia.com/wiki/Set_Card_Galleries:Yu-Gi-Oh!_Power_of_Chaos:_Yugi_the_Destiny_Limited_Collector's_Edition_(TCG-NA-UE)","Kuriboh. See PCY-001 notes."
